Workbook

Sheet 表紙
AS2: 文書番号： | AV2: XXX-XX-XXX
O7: QuizSheet単体テスト 画像エビデンス
Q22: システム名 | X22: QuizSheet
Q23: サブシステム名 | X23: 出題設定
Q24: 機能名 | X24: 出題順設定機能
Q25: 版数 | X25: 1
Q26: ドキュメント発行日 | X26: 45954
D32: 株式会社XXXXXX | AP32: 株式会社KSK
D33: 承認者 | H33: 査閲者 | AP33: 承認者 | AT33: 作成者
D34: 日付 | H34: 日付 | AP34: 日付 | AT34: 日付
D36: 印 | H36: 印 | AP36: 名前 | AT36: 名前
B41: F-No： | D41: 1.0

Sheet No.1
A2: 出題設定： | B2: 対象問題 | C2: Associate Reactive過去問
B3: カテゴリー選択 | C3: 全て選択
B4: 問題数 | C4: 5問
B5: 出題順 | C5: ランダム
A7: 確認要件： | B7: 対象問題にて選択した問題が取得できているか
B36: 1問目 | C36: (赤枠部分が設定した対象問題)
B62: 2問目
B88: 3問目
B114: 4問目
B140: 5問目

Sheet No.2
A2: 出題設定： | B2: 対象問題 | C2: Associate Reactive過去問
B3: カテゴリー選択 | C3: クライアント変数、例外処理
B4: 問題数 | C4: 5問
B5: 出題順 | C5: ランダム
A7: 確認要件： | B7: 出題画面のカテゴリーを確認し、それが選択したものと相違無いか確認する
B33: 1問目 | C33: (赤枠部分が設定したカテゴリ)
B59: 2問目
B85: 3問目
B111: 4問目
B138: 5問目

Sheet No.3
A2: 出題設定： | B2: 対象問題 | C2: Associate Reactive過去問
B3: カテゴリー選択 | C3: 全て選択
B4: 問題数 | C4: 10問
B5: 出題順 | C5: ランダム
A7: 確認要件： | B7: 2回検証し、結果画面で異なる問題が出ているか確認する
B8: (今回、テスト結果画面で問題を表示させるために、わざと間違って回答しています。)
B10: 1,2回目：テストの出題設定
B34: 1問目 | C34: (赤枠部分が設定したカテゴリ)
B37: 1回目：テスト結果 | D37: (赤枠部分が出題された問題)
B60: 2問目
B64: 2回目
B86: 3問目

Sheet No.4
A2: 出題設定： | B2: 対象問題 | C2: Associate Reactive過去問
B3: カテゴリー選択 | C3: 全て選択
B4: 問題数 | C4: 5問
B5: 出題順 | C5: ランダム
A7: 確認要件： | B7: 出題画面の回答数に x/5 と表示されているか確認する
B8: 回答結果の回答数が5になっているか確認する
B10: テストの出題設定
B34: 1問目 | C34: (赤枠部分が設定したカテゴリ)
B37: 1つ目：テスト結果 | D37: 赤枠部分が出題画面の回答数
B64: 2つ目：テスト結果 | D64: 赤枠部分が回答結果の回答数

Sheet No.5
A2: 出題設定： | B2: 対象問題 | C2: Associate Reactive過去問
B3: カテゴリー選択 | C3: 全て選択
B4: 問題数 | C4: 10問
B5: 出題順 | C5: ランダム
A7: 確認要件： | B7: 2回検証し、結果画面で異なる問題が出ているか確認する
B8: (今回、テスト結果画面で問題を表示させるために、わざと間違って回答しています。)
B10: 1,2回目：テストの出題設定
B34: 1問目 | C34: (赤枠部分が設定したカテゴリ)
B37: 1回目：テスト結果 | D37: (赤枠部分が出題された問題)
B60: 2問目
B64: 2回目
B86: 3問目

Sheet No.6
A2: 出題設定： | B2: 対象問題 | C2: Associate Reactive過去問
B3: カテゴリー選択 | C3: クライアント変数、
B4: 問題数 | C4: 5問
B5: 出題順 | C5: 順番通り
A7: 確認要件： | B7: 2回行って、結果画面で同じ問題が出ているか確認する
B8: (今回、テスト結果画面で問題を表示させるために、わざと間違って回答しています。)
B10: 1,2回目：テストの出題設定
B34: 1問目 | C34: (赤枠部分が設定したカテゴリ)
B37: 1回目：テスト結果 | D37: (赤枠部分が出題された問題)
B60: 2問目
B64: 2回目
B86: 3問目

Sheet マトリクス
A1: PT01 | E1: =表紙!O7 -> QuizSheet単体テスト 画像エビデンス | Q1: システム名 | X1: サブシステム名 | AE1: 機能名 | AL1: 版数 | AO1: 承認 | AS1: 査閲 | AW1: 作成
Q2: =表紙!X22 -> QuizSheet | X2: =IF(表紙!X23="","",表紙!X23) -> 出題設定 | AE2: =IF(表紙!X24="","",表紙!X24) -> 出題順設定機能 | AL2: 初版
E3: 文書番号 | J3: =表紙!$AV$2 -> XXX-XX-XXX | AL3: 改訂版
A5: プログラムID | Y5: テスト仕様書レビュー日 | AM5: テスト結果レビュー日
A6: No | C6: ﾁｪｯｸ内容
C7: 項目
A8: =IF(C8="","",ROW()-ROW($A$7))

Sheet マトリクス(記入例)
A1: PT01 | E1: =表紙!O7 -> QuizSheet単体テスト 画像エビデンス | Q1: システム名 | X1: サブシステム名 | AE1: 機能名 | AL1: 版数 | AO1: 承認 | AS1: 査閲 | AW1: 作成
Q2: =表紙!X22 -> QuizSheet | X2: =IF(表紙!X23="","",表紙!X23) -> 出題設定 | AE2: =IF(表紙!X24="","",表紙!X24) -> 出題順設定機能 | AL2: 初版
E3: 文書番号 | J3: =表紙!$AV$2 -> XXX-XX-XXX | AL3: 改訂版
A5: プログラムID | I5: JutyuDataSyutokuHandler | Y5: テスト仕様書レビュー日 | AG5: 40116 | AM5: テスト結果レビュー日 | AU5: 40121
A6: No | C6: ﾁｪｯｸ内容 | N6: 数値/文字チェック | Y6: スクリプト | AB6: CRUD | AE6: 初期表示
C7: 項目 | N7: 最大値 | O7: 最小値 | P7: 最大桁 | Q7: 最小桁 | R7: ヌル値 | S7: ゼロ値 | T7: 負数 | U7: 空白 | V7: 記号 | W7: カンマ編集 | X7: 小数桁編集 | Y7: 消去 | Z7: 計算 | AA7: リスト | AB7: DB参照 | AC7: DB更新 | AD7: DB削除 | AE7: 表示
A8: =IF(C8="","",ROW()-ROW($A$7)) -> 1 | C8: 画面名 | N8: - | O8: - | P8: - | Q8: - | R8: - | S8: - | T8: - | U8: - | V8: - | W8: - | X8: - | Y8: - | Z8: - | AA8: - | AB8: - | AC8: - | AD8: - | AE8: ○
A9: =IF(C9="","",ROW()-ROW($A$7)) -> 2 | C9: 受注伝票番号 | N9: ○ | O9: ○ | P9: ○ | Q9: ○ | R9: ○ | S9: ○ | T9: ○ | U9: ○ | V9: - | W9: - | X9: - | Y9: - | Z9: - | AA9: - | AB9: - | AC9: - | AD9: - | AE9: ○
A10: =IF(C10="","",ROW()-ROW($A$7)) -> 3 | C10: 受注金額 | N10: ○ | O10: ○ | P10: ○ | Q10: - | R10: ○ | S10: ○ | T10: ○ | U10: ○ | V10: ○ | W10: ○ | X10: ○ | Y10: - | Z10: - | AA10: - | AB10: - | AC10: - | AD10: - | AE10: ○
A11: =IF(C11="","",ROW()-ROW($A$7)) -> 4 | C11: 受注金額合計 | N11: ○ | O11: ○ | P11: ○ | Q11: - | R11: ○ | S11: ○ | T11: ○ | U11: ○ | V11: ○ | W11: ○ | X11: ○ | Y11: - | Z11: ○ | AA11: - | AB11: - | AC11: - | AD11: - | AE11: ○
A12: =IF(C12="","",ROW()-ROW($A$7)) -> 5 | C12: 登録ボタン | N12: - | O12: - | P12: - | Q12: - | R12: - | S12: - | T12: - | U12: - | V12: - | W12: - | X12: - | Y12: - | Z12: - | AA12: - | AB12: - | AC12: ○ | AD12: - | AE12: ○
A13: =IF(C13="","",ROW()-ROW($A$7))
A14: =IF(C14="","",ROW()-ROW($A$7))
A15: =IF(C15="","",ROW()-ROW($A$7))
A16: =IF(C16="","",ROW()-ROW($A$7))
A17: =IF(C17="","",ROW()-ROW($A$7))
A18: =IF(C18="","",ROW()-ROW($A$7))
A19: =IF(C19="","",ROW()-ROW($A$7))
A20: =IF(C20="","",ROW()-ROW($A$7))
A21: =IF(C21="","",ROW()-ROW($A$7))
A22: =IF(C22="","",ROW()-ROW($A$7))
A23: =IF(C23="","",ROW()-ROW($A$7))
A24: =IF(C24="","",ROW()-ROW($A$7))
... A35: =IF(C35="","",ROW()-ROW($A$7))
