Workbook

Sheet 改版履歴
A1: 版数 | C1: 日付 | F1: 頁 | G1: 改訂内容 | R1: 承認 | T1: 査閲 | V1: 作成
A23: 単体テスト仕様書 | O23: 文書番号
O24: ITｿ事-KOSMOS-ST-401

Sheet 表紙
AS2: 文書番号： | AV2: XXX-XX-XXX
O7: QuizSheet 単体テスト仕様書 要件ex-2
Q22: システム名 | X22: QuizSheet
Q23: サブシステム名 | X23: 問題出題画面
Q24: 機能名 | X24: 「結果を見る」ボタンの追加
Q25: 版数 | X25: 1
Q26: ドキュメント発行日 | X26: 45959
D32: 株式会社XXXXXX | AP32: 株式会社KSK
D33: 承認者 | H33: 査閲者 | AP33: 承認者 | AT33: 作成者
D34: 日付 | H34: 日付 | AP34: 日付 | AT34: 日付
D36: 印 | H36: 印 | AP36: 名前 | AT36: 名前
B41: F-No： | D41: 1.0

Sheet 更新履歴
A1: PT01 | E1: =表紙!O7 -> QuizSheet 単体テスト仕様書 要件ex-2 | Q1: システム名 | X1: サブシステム名 | AE1: 機能名 | AL1: 版数 | AO1: 承認 | AS1: 査閲 | AW1: 作成
Q2: =表紙!X22 -> QuizSheet | X2: =IF(表紙!X23="","",表紙!X23) -> 問題出題画面 | AE2: =IF(表紙!X24="","",表紙!X24) -> 「結果を見る」ボタンの追加 | AL2: 初版
E3: 文書番号 | J3: =表紙!$AV$2 -> XXX-XX-XXX | AL3: 改訂版
A5: 版数 | C5: 更新日 | H5: 更新者 | M5: 変更内容

Sheet 単体テスト仕様書
A1: PT01 | E1: =表紙!O7 -> QuizSheet 単体テスト仕様書 要件ex-2 | Q1: システム名 | X1: サブシステム名 | AE1: 機能名 | AL1: 版数 | AO1: 承認 | AS1: 査閲 | AW1: 作成
Q2: =表紙!X22 -> QuizSheet | X2: =IF(表紙!X23="","",表紙!X23) -> 問題出題画面 | AE2: =IF(表紙!X24="","",表紙!X24) -> 「結果を見る」ボタンの追加 | AL2: 初版
E3: 文書番号 | J3: =表紙!$AV$2 -> XXX-XX-XXX | AL3: 改訂版
A5: プログラムID | Y5: テスト仕様書レビュー日 | AM5: テスト結果レビュー日
A6: No | C6: テスト分類 | G6: 正常 異常 | I6: テスト項目 | P6: テスト条件 | W6: 確認方法 | AC6: エビデンス | AF6: 担当者 | AI6: 実施日 | AL6: テスト 結果 | AN6: 障害管理番号 | AR6: 備考
A7: 1 | C7: 画面表示 | G7: 正常 | I7: 「次へ」ボタンの画面表示 | P7: 出題設定：Associate Reactive カテゴリ：全て選択 問題数 ：5問 出題順 ：ランダム この出題設定で1問目を回答し、「次へ」ボタンを押す | W7: ・2問目が表示されること ・結果ページへは遷移しないこと | AC7: No.1 | AF7: 門田
A8: 2 | C8: 動作確認 | G8: 正常 | I8: 「次へ」ボタンの動作確認 | P8: 出題設定：Associate Reactive カテゴリ：全て選択 問題数 ：5問 出題順 ：ランダム この出題設定で2問目を回答し、「次へ」ボタンを押す | W8: ・3問目が表示されること ・結果ページへは遷移しないこと | AC8: No.2 | AF8: 門田
A9: 3 | C9: 画面表示 | G9: 正常 | I9: 「結果を見る」ボタンの表示 | P9: 出題設定：Associate Reactive カテゴリ：全て選択 問題数 ：5問 出題順 ：ランダム この出題設定で5問目まで進め、5問目を回答する | W9: ・解説が表示されること ・ボタンのテキストが「結果を見る」に変わっていること | AC9: No.3 | AF9: 門田
A10: 4 | C10: 動作確認 | G10: 正常 | I10: 解説が表示された後も最終結果画面に遷移しないか | P10: 出題設定：Associate Reactive カテゴリ：全て選択 問題数 ：5問 出題順 ：ランダム この出題設定で5問目まで進め、5問目を回答し解説が表示されたことを確認 | W10: ・解説が表示後、5秒経過しても画面に変化が無いか確認する | AC10: No.4 | AF10: 門田
A11: 5 | C11: 動作確認 | G11: 正常 | I11: 「結果を見る」ボタンによる画面遷移が正しく行われているか | P11: 上記3の状態から「結果を見る」をクリックする | W11: ・結果ページに正しく遷移するか確認する | AC11: No.5 | AF11: 門田
A13: =IF(G13="","",ROW()-ROW($A$6))
A14: =IF(G14="","",ROW()-ROW($A$6))
A15: =IF(G15="","",ROW()-ROW($A$6))
A16: =IF(G16="","",ROW()-ROW($A$6))
A17: =IF(G17="","",ROW()-ROW($A$6))
A18: =IF(G18="","",ROW()-ROW($A$6))

Sheet マトリクス
A1: PT01 | E1: =表紙!O7 -> QuizSheet 単体テスト仕様書 要件ex-2 | Q1: システム名 | X1: サブシステム名 | AE1: 機能名 | AL1: 版数 | AO1: 承認 | AS1: 査閲 | AW1: 作成
Q2: =表紙!X22 -> QuizSheet | X2: =IF(表紙!X23="","",表紙!X23) -> 問題出題画面 | AE2: =IF(表紙!X24="","",表紙!X24) -> 「結果を見る」ボタンの追加 | AL2: 初版
E3: 文書番号 | J3: =表紙!$AV$2 -> XXX-XX-XXX | AL3: 改訂版
A5: プログラムID | Y5: テスト仕様書レビュー日 | AM5: テスト結果レビュー日
A6: No | C6: ﾁｪｯｸ内容
C7: 項目
A8: =IF(C8="","",ROW()-ROW($A$7))

Sheet 単体テスト仕様書(記入例)
A1: PT01 | E1: =表紙!O7 -> QuizSheet 単体テスト仕様書 要件ex-2 | Q1: システム名 | X1: サブシステム名 | AE1: 機能名 | AL1: 版数 | AO1: 承認 | AS1: 査閲 | AW1: 作成
Q2: =表紙!X22 -> QuizSheet | X2: =IF(表紙!X23="","",表紙!X23) -> 問題出題画面 | AE2: =IF(表紙!X24="","",表紙!X24) -> 「結果を見る」ボタンの追加 | AL2: 初版 | AO2: yyyy/mm/dd 氏名 | AS2: yyyy/mm/dd 氏名 | AW2: yyyy/mm/dd 氏名
E3: 文書番号 | J3: =表紙!AV2 -> XXX-XX-XXX | AL3: 改訂版
A5: プログラムID | I5: JutyuDataSyutokuHandler | Y5: テスト仕様書レビュー日 | AG5: 40116 | AM5: テスト結果レビュー日 | AU5: 40121
A6: No | C6: テスト分類 | G6: 正常 異常 | I6: テスト項目 | P6: テスト条件 | W6: 確認方法 | AC6: エビデンス | AF6: 担当者 | AI6: 実施日 | AL6: テスト 結果 | AN6: 障害管理番号 | AR6: 備考
A7: =IF(G7="","",ROW()-ROW($A$6)) -> 1 | C7: 初期表示 | G7: 正常 | I7: ・タイトルバーの確認 タイトルバーに画面名が表示されるか | P7: 画面を表示する | W7: 画面レイアウト定義にてチェック | AC7: L57R4-K001 | AF7: 国際 | AI7: 40119 | AL7: ○
A8: =IF(G8="","",ROW()-ROW($A$6)) -> 2 | C8: 初期表示 | G8: 正常 | I8: ・ボタンバーの確認 ボタンバーに全てのボタンが表示されるか | P8: 画面を表示する | W8: 画面レイアウト定義にてチェック | AC8: L57R4-K002 | AF8: 国際 | AI8: 40119 | AL8: ○
A9: =IF(G9="","",ROW()-ROW($A$6)) -> 3 | C9: 画面編集 | G9: 正常 | I9: 画面項目定義書の型、桁数、値の範囲に沿った文字の入力 | P9: フィールドに文字入力を行う | W9: 画面項目定義にてチェック | AC9: L57R4-K003 | AF9: 国際 | AI9: 40119 | AL9: × | AN9: PT0011
A10: =IF(G10="","",ROW()-ROW($A$6)) -> 4 | C10: 入力チェック | G10: 異常 | I10: 全角不可項目チェック | P10: 全角入力不可のフィールドに全角入力を行う | W10: 画面項目定義にてチェック | AC10: L57R4-K004 | AF10: 国際 | AI10: 40119 | AL10: ○
A11: =IF(G11="","",ROW()-ROW($A$6))
A12: =IF(G12="","",ROW()-ROW($A$6))
A13: =IF(G13="","",ROW()-ROW($A$6))
A14: =IF(G14="","",ROW()-ROW($A$6))
A15: =IF(G15="","",ROW()-ROW($A$6))
A16: =IF(G16="","",ROW()-ROW($A$6))
A17: =IF(G17="","",ROW()-ROW($A$6))

Sheet マトリクス(記入例)
A1: PT01 | E1: =表紙!O7 -> QuizSheet 単体テスト仕様書 要件ex-2 | Q1: システム名 | X1: サブシステム名 | AE1: 機能名 | AL1: 版数 | AO1: 承認 | AS1: 査閲 | AW1: 作成
Q2: =表紙!X22 -> QuizSheet | X2: =IF(表紙!X23="","",表紙!X23) -> 問題出題画面 | AE2: =IF(表紙!X24="","",表紙!X24) -> 「結果を見る」ボタンの追加 | AL2: 初版
E3: 文書番号 | J3: =表紙!$AV$2 -> XXX-XX-XXX | AL3: 改訂版
A5: プログラムID | I5: JutyuDataSyutokuHandler | Y5: テスト仕様書レビュー日 | AG5: 40116 | AM5: テスト結果レビュー日 | AU5: 40121
A6: No | C6: ﾁｪｯｸ内容 | N6: 数値/文字チェック | Y6: スクリプト | AB6: CRUD | AE6: 初期表示
C7: 項目 | N7: 最大値 | O7: 最小値 | P7: 最大桁 | Q7: 最小桁 | R7: ヌル値 | S7: ゼロ値 | T7: 負数 | U7: 空白 | V7: 記号 | W7: カンマ編集 | X7: 小数桁編集 | Y7: 消去 | Z7: 計算 | AA7: リスト | AB7: DB参照 | AC7: DB更新 | AD7: DB削除 | AE7: 表示
A8: =IF(C8="","",ROW()-ROW($A$7)) -> 1 | C8: 画面名 | N8: - | O8: - | P8: - | Q8: - | R8: - | S8: - | T8: - | U8: - | V8: - | W8: - | X8: - | Y8: - | Z8: - | AA8: - | AB8: - | AC8: - | AD8: - | AE8: ○
A9: =IF(C9="","",ROW()-ROW($A$7)) -> 2 | C9: 受注伝票番号 | N9: ○ | O9: ○ | P9: ○ | Q9: ○ | R9: ○ | S9: ○ | T9: ○ | U9: ○ | V9: - | W9: - | X9: - | Y9: - | Z9: - | AA9: - | AB9: - | AC9: - | AD9: - | AE9: ○
A10: =IF(C10="","",ROW()-ROW($A$7)) -> 3 | C10: 受注金額 | N10: ○ | O10: ○ | P10: ○ | Q10: - | R10: ○ | S10: ○ | T10: ○ | U10: ○ | V10: ○ | W10: ○ | X10: ○ | Y10: - | Z10: - | AA10: - | AB10: - | AC10: - | AD10: - | AE10: ○
A11: =IF(C11="","",ROW()-ROW($A$7)) -> 4 | C11: 受注金額合計 | N11: ○ | O11: ○ | P11: ○ | Q11: - | R11: ○ | S11: ○ | T11: ○ | U11: ○ | V11: ○ | W11: ○ | X11: ○ | Y11: - | Z11: ○ | AA11: - | AB11: - | AC11: - | AD11: - | AE11: ○
A12: =IF(C12="","",ROW()-ROW($A$7)) -> 5 | C12: 登録ボタン | N12: - | O12: - | P12: - | Q12: - | R12: - | S12: - | T12: - | U12: - | V12: - | W12: - | X12: - | Y12: - | Z12: - | AA12: - | AB12: - | AC12: ○ | AD12: - | AE12: ○
A13: =IF(C13="","",ROW()-ROW($A$7))
A14: =IF(C14="","",ROW()-ROW($A$7))
A15: =IF(C15="","",ROW()-ROW($A$7))
A16: =IF(C16="","",ROW()-ROW($A$7))
A17: =IF(C17="","",ROW()-ROW($A$7))
A18: =IF(C18="","",ROW()-ROW($A$7))
A19: =IF(C19="","",ROW()-ROW($A$7))
A20: =IF(C20="","",ROW()-ROW($A$7))
A21: =IF(C21="","",ROW()-ROW($A$7))
A22: =IF(C22="","",ROW()-ROW($A$7))
A23: =IF(C23="","",ROW()-ROW($A$7))
A24: =IF(C24="","",ROW()-ROW($A$7))
... A35: =IF(C35="","",ROW()-ROW($A$7))
